{
    "metrics": {
        "iterations": {
            "count": 10000,
            "rate": 360.1413217595629
        },
        "ws_sessions": {
            "count": 10000,
            "rate": 360.1413217595629
        },
        "iteration_duration": {
            "avg": 22461.920764509854,
            "min": 18917.8251,
            "med": 22295.44195,
            "max": 27026.4104,
            "p(90)": 24912.05284,
            "p(95)": 25302.582345
        },
        "vus": {
            "value": 550,
            "min": 0,
            "max": 10000
        },
        "vus_max": {
            "value": 10000,
            "min": 1493,
            "max": 10000
        },
        "ws_connecting": {
            "avg": 16531.30677418011,
            "min": 5149.1197,
            "med": 21006.4922,
            "max": 24711.1753,
            "p(90)": 21418.3392,
            "p(95)": 21853.867245
        },
        "ws_session_duration": {
            "p(95)": 24301.8591,
            "avg": 21458.518602160104,
            "min": 17902.8368,
            "med": 21294.361449999997,
            "max": 25960.3418,
            "p(90)": 23911.34605
        },
        "checks": {
            "passes": 4130,
            "fails": 135870,
            "value": 0.0295
        },
        "data_sent": {
            "count": 2709240,
            "rate": 97570.92745638781
        },
        "data_received": {
            "count": 22184157,
            "rate": 798943.162410166
        }
    },
    "root_group": {
        "name": "",
        "path": "",
        "id": "d41d8cd98f00b204e9800998ecf8427e",
        "groups": {},
        "checks": {
                "101 Switching Protocols": {
                    "id": "a834061b52d630fbeac21392b9d8bc0d",
                    "passes": 3991,
                    "fails": 6009,
                    "name": "101 Switching Protocols",
                    "path": "::101 Switching Protocols"
                },
                "200 OK": {
                    "passes": 0,
                    "fails": 10000,
                    "name": "200 OK",
                    "path": "::200 OK",
                    "id": "e9654c443eff553da9e69eda7007924e"
                },
                "201 Created": {
                    "name": "201 Created",
                    "path": "::201 Created",
                    "id": "728dcd977aae263ca314731145e1d447",
                    "passes": 0,
                    "fails": 10000
                },
                "204 No Content": {
                    "passes": 0,
                    "fails": 10000,
                    "name": "204 No Content",
                    "path": "::204 No Content",
                    "id": "54fa3c2eda34e1622fda2da5e0479fc5"
                },
                "400 Bad Request": {
                    "path": "::400 Bad Request",
                    "id": "eeae81934b9b58bccaf0184a6d070338",
                    "passes": 0,
                    "fails": 10000,
                    "name": "400 Bad Request"
                },
                "401 Unauthorized": {
                    "passes": 0,
                    "fails": 10000,
                    "name": "401 Unauthorized",
                    "path": "::401 Unauthorized",
                    "id": "6ae9254e6aefe7f0bafe5102fa7e20a5"
                },
                "403 Forbidden": {
                    "id": "655548b761742c5a7ad15aa7df3a5d9c",
                    "passes": 0,
                    "fails": 10000,
                    "name": "403 Forbidden",
                    "path": "::403 Forbidden"
                },
                "404 Not Found": {
                    "name": "404 Not Found",
                    "path": "::404 Not Found",
                    "id": "df1528f9925ca236bac51008f77b774a",
                    "passes": 0,
                    "fails": 10000
                },
                "422 Unprocessable Content": {
                    "name": "422 Unprocessable Content",
                    "path": "::422 Unprocessable Content",
                    "id": "d94c37ab64a32602add978a71bd22822",
                    "passes": 0,
                    "fails": 10000
                },
                "429 Too Many Requests": {
                    "fails": 10000,
                    "name": "429 Too Many Requests",
                    "path": "::429 Too Many Requests",
                    "id": "b810c35b9499cc7342fd415032e3a6aa",
                    "passes": 0
                },
                "500 Internal Server Error": {
                    "name": "500 Internal Server Error",
                    "path": "::500 Internal Server Error",
                    "id": "3cd96245b24e869810efe46d533b0eef",
                    "passes": 0,
                    "fails": 10000
                },
                "502 Bad Gateway": {
                    "name": "502 Bad Gateway",
                    "path": "::502 Bad Gateway",
                    "id": "712cb0ec189a11f31f0d6d0c0031b569",
                    "passes": 139,
                    "fails": 9861
                },
                "503 Service Unavailable": {
                    "name": "503 Service Unavailable",
                    "path": "::503 Service Unavailable",
                    "id": "f1ea1a22be0dc738c385523a66ea1cd9",
                    "passes": 0,
                    "fails": 10000
                },
                "504 Gateway Timeout": {
                    "fails": 10000,
                    "name": "504 Gateway Timeout",
                    "path": "::504 Gateway Timeout",
                    "id": "218efb729cb654723ccd57c6ebbebe29",
                    "passes": 0
                }
            }
    }
}