{
    "metrics": {
        "http_req_blocked": {
            "p(95)": 3474.48053,
            "avg": 1757.7166856533297,
            "min": 417.8555,
            "med": 1624.5794999999998,
            "max": 3992.372,
            "p(90)": 3172.82466
        },
        "iteration_duration": {
            "p(90)": 58087.24100000005,
            "p(95)": 61127.259289999995,
            "avg": 22154.984574306698,
            "min": 1750.1662,
            "med": 15715.33525,
            "max": 61305.2277
        },
        "http_req_connecting": {
            "p(90)": 423.8534,
            "p(95)": 425.85292499999997,
            "avg": 373.36731267999966,
            "min": 13.0026,
            "med": 385.0183,
            "max": 440.135
        },
        "http_req_failed": {
            "passes": 656,
            "fails": 6844,
            "value": 0.08746666666666666
        },
        "data_sent": {
            "count": 8666612,
            "rate": 140446.22611185242
        },
        "vus_max": {
            "value": 7500,
            "min": 1477,
            "max": 7500
        },
        "http_req_tls_handshaking": {
            "min": 301.649,
            "med": 1246.5113000000001,
            "max": 3665.6206,
            "p(90)": 2808.0744400000003,
            "p(95)": 3127.0948099999996,
            "avg": 1383.8812010266697
        },
        "http_req_sending": {
            "p(95)": 0.9999,
            "avg": 0.3147302533333329,
            "min": 0,
            "med": 0,
            "max": 45.8717,
            "p(90)": 0.5812300000000001
        },
        "iterations": {
            "rate": 121.54077000780617,
            "count": 7500
        },
        "http_req_waiting": {
            "avg": 19384.770398519988,
            "min": 331.0053,
            "med": 12900.4105,
            "max": 59465.5933,
            "p(90)": 55388.40228,
            "p(95)": 57924.90333
        },
        "http_reqs": {
            "count": 7500,
            "rate": 121.54077000780617
        },
        "http_req_duration": {
            "avg": 19385.754816213364,
            "min": 331.0053,
            "med": 12900.68305,
            "max": 59465.5933,
            "p(90)": 55388.40228,
            "p(95)": 57924.941804999995
        },
        "http_req_duration{expected_response:true}": {
            "min": 331.0053,
            "med": 11972.12135,
            "max": 59329.6936,
            "p(90)": 38749.58045999999,
            "p(95)": 46734.62130499998,
            "avg": 15690.731035344834
        },
        "data_received": {
            "count": 45679205,
            "rate": 740251.433205924
        },
        "checks": {
            "passes": 6844,
            "fails": 98156,
            "value": 0.06518095238095238
        },
        "vus": {
            "value": 532,
            "min": 0,
            "max": 7500
        },
        "http_req_receiving": {
            "min": 0,
            "med": 0,
            "max": 52.2758,
            "p(90)": 0.9930500000000002,
            "p(95)": 2.7753799999999362,
            "avg": 0.6696874400000007
        }
    },
    "root_group": {
        "id": "d41d8cd98f00b204e9800998ecf8427e",
        "groups": {},
        "checks": {
                "101 Switching Protocols": {
                    "name": "101 Switching Protocols",
                    "path": "::101 Switching Protocols",
                    "id": "a834061b52d630fbeac21392b9d8bc0d",
                    "passes": 0,
                    "fails": 7500
                },
                "200 OK": {
                    "id": "e9654c443eff553da9e69eda7007924e",
                    "passes": 6844,
                    "fails": 656,
                    "name": "200 OK",
                    "path": "::200 OK"
                },
                "201 Created": {
                    "passes": 0,
                    "fails": 7500,
                    "name": "201 Created",
                    "path": "::201 Created",
                    "id": "728dcd977aae263ca314731145e1d447"
                },
                "204 No Content": {
                    "passes": 0,
                    "fails": 7500,
                    "name": "204 No Content",
                    "path": "::204 No Content",
                    "id": "54fa3c2eda34e1622fda2da5e0479fc5"
                },
                "400 Bad Request": {
                    "name": "400 Bad Request",
                    "path": "::400 Bad Request",
                    "id": "eeae81934b9b58bccaf0184a6d070338",
                    "passes": 0,
                    "fails": 7500
                },
                "401 Unauthorized": {
                    "name": "401 Unauthorized",
                    "path": "::401 Unauthorized",
                    "id": "6ae9254e6aefe7f0bafe5102fa7e20a5",
                    "passes": 0,
                    "fails": 7500
                },
                "403 Forbidden": {
                    "name": "403 Forbidden",
                    "path": "::403 Forbidden",
                    "id": "655548b761742c5a7ad15aa7df3a5d9c",
                    "passes": 0,
                    "fails": 7500
                },
                "404 Not Found": {
                    "name": "404 Not Found",
                    "path": "::404 Not Found",
                    "id": "df1528f9925ca236bac51008f77b774a",
                    "passes": 0,
                    "fails": 7500
                },
                "422 Unprocessable Content": {
                    "name": "422 Unprocessable Content",
                    "path": "::422 Unprocessable Content",
                    "id": "d94c37ab64a32602add978a71bd22822",
                    "passes": 0,
                    "fails": 7500
                },
                "429 Too Many Requests": {
                    "path": "::429 Too Many Requests",
                    "id": "b810c35b9499cc7342fd415032e3a6aa",
                    "passes": 0,
                    "fails": 7500,
                    "name": "429 Too Many Requests"
                },
                "500 Internal Server Error": {
                    "name": "500 Internal Server Error",
                    "path": "::500 Internal Server Error",
                    "id": "3cd96245b24e869810efe46d533b0eef",
                    "passes": 0,
                    "fails": 7500
                },
                "502 Bad Gateway": {
                    "passes": 0,
                    "fails": 7500,
                    "name": "502 Bad Gateway",
                    "path": "::502 Bad Gateway",
                    "id": "712cb0ec189a11f31f0d6d0c0031b569"
                },
                "503 Service Unavailable": {
                    "path": "::503 Service Unavailable",
                    "id": "f1ea1a22be0dc738c385523a66ea1cd9",
                    "passes": 0,
                    "fails": 7500,
                    "name": "503 Service Unavailable"
                },
                "504 Gateway Timeout": {
                    "name": "504 Gateway Timeout",
                    "path": "::504 Gateway Timeout",
                    "id": "218efb729cb654723ccd57c6ebbebe29",
                    "passes": 0,
                    "fails": 7500
                }
            },
        "name": "",
        "path": ""
    }
}