{
    "metrics": {
        "vus_max": {
            "min": 1643,
            "max": 10000,
            "value": 10000
        },
        "ws_session_duration": {
            "med": 21001.054,
            "max": 39584.8398,
            "p(90)": 22432.5882,
            "p(95)": 23676.418709999998,
            "avg": 19531.18055782003,
            "min": 2858.7073
        },
        "iterations": {
            "count": 10000,
            "rate": 241.31567856245817
        },
        "vus": {
            "value": 65,
            "min": 0,
            "max": 10000
        },
        "data_received": {
            "count": 36011993,
            "rate": 869025.8527181494
        },
        "iteration_duration": {
            "p(95)": 24676.860214999997,
            "avg": 20533.235108609995,
            "min": 3882.5456,
            "med": 22002.0716,
            "max": 40637.0277,
            "p(90)": 23436.27472
        },
        "checks": {
            "passes": 6693,
            "fails": 133307,
            "value": 0.04780714285714286
        },
        "data_sent": {
            "rate": 105523.75063175238,
            "count": 4372851
        },
        "ws_sessions": {
            "rate": 241.31567856245817,
            "count": 10000
        },
        "ws_connecting": {
            "max": 29581.8866,
            "p(90)": 21043.36014,
            "p(95)": 21167.916855,
            "avg": 13289.353585230076,
            "min": 2695.2226,
            "med": 10946.923200000001
        }
    },
    "root_group": {
        "name": "",
        "path": "",
        "id": "d41d8cd98f00b204e9800998ecf8427e",
        "groups": {},
        "checks": {
                "101 Switching Protocols": {
                    "name": "101 Switching Protocols",
                    "path": "::101 Switching Protocols",
                    "id": "a834061b52d630fbeac21392b9d8bc0d",
                    "passes": 5878,
                    "fails": 4122
                },
                "200 OK": {
                    "name": "200 OK",
                    "path": "::200 OK",
                    "id": "e9654c443eff553da9e69eda7007924e",
                    "passes": 0,
                    "fails": 10000
                },
                "201 Created": {
                    "fails": 10000,
                    "name": "201 Created",
                    "path": "::201 Created",
                    "id": "728dcd977aae263ca314731145e1d447",
                    "passes": 0
                },
                "204 No Content": {
                    "name": "204 No Content",
                    "path": "::204 No Content",
                    "id": "54fa3c2eda34e1622fda2da5e0479fc5",
                    "passes": 0,
                    "fails": 10000
                },
                "400 Bad Request": {
                    "name": "400 Bad Request",
                    "path": "::400 Bad Request",
                    "id": "eeae81934b9b58bccaf0184a6d070338",
                    "passes": 0,
                    "fails": 10000
                },
                "401 Unauthorized": {
                    "name": "401 Unauthorized",
                    "path": "::401 Unauthorized",
                    "id": "6ae9254e6aefe7f0bafe5102fa7e20a5",
                    "passes": 0,
                    "fails": 10000
                },
                "403 Forbidden": {
                    "passes": 0,
                    "fails": 10000,
                    "name": "403 Forbidden",
                    "path": "::403 Forbidden",
                    "id": "655548b761742c5a7ad15aa7df3a5d9c"
                },
                "404 Not Found": {
                    "id": "df1528f9925ca236bac51008f77b774a",
                    "passes": 0,
                    "fails": 10000,
                    "name": "404 Not Found",
                    "path": "::404 Not Found"
                },
                "422 Unprocessable Content": {
                    "name": "422 Unprocessable Content",
                    "path": "::422 Unprocessable Content",
                    "id": "d94c37ab64a32602add978a71bd22822",
                    "passes": 0,
                    "fails": 10000
                },
                "429 Too Many Requests": {
                    "fails": 10000,
                    "name": "429 Too Many Requests",
                    "path": "::429 Too Many Requests",
                    "id": "b810c35b9499cc7342fd415032e3a6aa",
                    "passes": 0
                },
                "500 Internal Server Error": {
                    "name": "500 Internal Server Error",
                    "path": "::500 Internal Server Error",
                    "id": "3cd96245b24e869810efe46d533b0eef",
                    "passes": 0,
                    "fails": 10000
                },
                "502 Bad Gateway": {
                    "id": "712cb0ec189a11f31f0d6d0c0031b569",
                    "passes": 815,
                    "fails": 9185,
                    "name": "502 Bad Gateway",
                    "path": "::502 Bad Gateway"
                },
                "503 Service Unavailable": {
                    "id": "f1ea1a22be0dc738c385523a66ea1cd9",
                    "passes": 0,
                    "fails": 10000,
                    "name": "503 Service Unavailable",
                    "path": "::503 Service Unavailable"
                },
                "504 Gateway Timeout": {
                    "name": "504 Gateway Timeout",
                    "path": "::504 Gateway Timeout",
                    "id": "218efb729cb654723ccd57c6ebbebe29",
                    "passes": 0,
                    "fails": 10000
                }
            }
    }
}