{
    "metrics": {
        "http_req_duration": {
            "med": 2893.71495,
            "max": 11668.3556,
            "p(90)": 10445.29621,
            "p(95)": 11018.92673,
            "avg": 4023.8855728533426,
            "min": 0
        },
        "checks": {
            "passes": 6289,
            "fails": 98711,
            "value": 0.0598952380952381
        },
        "http_req_waiting": {
            "min": 0,
            "med": 2893.53565,
            "max": 11668.3556,
            "p(90)": 10445.29621,
            "p(95)": 11018.89725,
            "avg": 4023.616578573334
        },
        "vus_max": {
            "value": 7500,
            "min": 1511,
            "max": 7500
        },
        "http_reqs": {
            "count": 7500,
            "rate": 314.6304017792475
        },
        "http_req_blocked": {
            "avg": 3864.1680923599897,
            "min": 0,
            "med": 3926.0387499999997,
            "max": 14583.4376,
            "p(90)": 6092.236660000005,
            "p(95)": 14047.794305
        },
        "http_req_tls_handshaking": {
            "min": 0,
            "med": 1402.304,
            "max": 5577.9117,
            "p(90)": 3087.4220400000027,
            "p(95)": 5043.253149999999,
            "avg": 1618.6994003333327
        },
        "http_req_sending": {
            "p(95)": 0.567305,
            "avg": 0.13543398666666667,
            "min": 0,
            "med": 0,
            "max": 15.6514,
            "p(90)": 0.54751
        },
        "iteration_duration": {
            "p(90)": 22570.9773,
            "p(95)": 22949.149419999998,
            "avg": 12395.253836906733,
            "min": 3933.2715,
            "med": 8427.002199999999,
            "max": 23558.1262
        },
        "iterations": {
            "rate": 314.6304017792475,
            "count": 7500
        },
        "data_sent": {
            "count": 6402202,
            "rate": 268576.9850042536
        },
        "http_req_receiving": {
            "med": 0,
            "max": 8.8474,
            "p(90)": 0.5421100000000001,
            "p(95)": 0.5816,
            "avg": 0.13356029333333314,
            "min": 0
        },
        "vus": {
            "value": 344,
            "min": 0,
            "max": 7500
        },
        "http_req_duration{expected_response:true}": {
            "avg": 4798.71868284307,
            "min": 121.8984,
            "med": 3509.7159,
            "max": 11668.3556,
            "p(90)": 10630.56732,
            "p(95)": 11118.46722
        },
        "data_received": {
            "count": 54599653,
            "rate": 2290494.768053
        },
        "http_req_connecting": {
            "med": 3003.0219,
            "max": 9007.6697,
            "p(90)": 3023.1886,
            "p(95)": 9003.712,
            "avg": 2245.102295920007,
            "min": 0
        },
        "http_req_failed": {
            "passes": 1211,
            "fails": 6289,
            "value": 0.16146666666666668
        }
    },
    "root_group": {
        "checks": {
            "101 Switching Protocols": {
                "name": "101 Switching Protocols",
                "path": "::101 Switching Protocols",
                "id": "a834061b52d630fbeac21392b9d8bc0d",
                "passes": 0,
                "fails": 7500
            },
            "200 OK": {
                "fails": 1211,
                "name": "200 OK",
                "path": "::200 OK",
                "id": "e9654c443eff553da9e69eda7007924e",
                "passes": 6289
            },
            "201 Created": {
                "name": "201 Created",
                "path": "::201 Created",
                "id": "728dcd977aae263ca314731145e1d447",
                "passes": 0,
                "fails": 7500
            },
            "204 No Content": {
                "name": "204 No Content",
                "path": "::204 No Content",
                "id": "54fa3c2eda34e1622fda2da5e0479fc5",
                "passes": 0,
                "fails": 7500
            },
            "400 Bad Request": {
                "name": "400 Bad Request",
                "path": "::400 Bad Request",
                "id": "eeae81934b9b58bccaf0184a6d070338",
                "passes": 0,
                "fails": 7500
            },
            "401 Unauthorized": {
                "name": "401 Unauthorized",
                "path": "::401 Unauthorized",
                "id": "6ae9254e6aefe7f0bafe5102fa7e20a5",
                "passes": 0,
                "fails": 7500
            },
            "403 Forbidden": {
                "passes": 0,
                "fails": 7500,
                "name": "403 Forbidden",
                "path": "::403 Forbidden",
                "id": "655548b761742c5a7ad15aa7df3a5d9c"
            },
            "404 Not Found": {
                "name": "404 Not Found",
                "path": "::404 Not Found",
                "id": "df1528f9925ca236bac51008f77b774a",
                "passes": 0,
                "fails": 7500
            },
            "422 Unprocessable Content": {
                "id": "d94c37ab64a32602add978a71bd22822",
                "passes": 0,
                "fails": 7500,
                "name": "422 Unprocessable Content",
                "path": "::422 Unprocessable Content"
            },
            "429 Too Many Requests": {
                "fails": 7500,
                "name": "429 Too Many Requests",
                "path": "::429 Too Many Requests",
                "id": "b810c35b9499cc7342fd415032e3a6aa",
                "passes": 0
            },
            "500 Internal Server Error": {
                "id": "3cd96245b24e869810efe46d533b0eef",
                "passes": 0,
                "fails": 7500,
                "name": "500 Internal Server Error",
                "path": "::500 Internal Server Error"
            },
            "502 Bad Gateway": {
                "name": "502 Bad Gateway",
                "path": "::502 Bad Gateway",
                "id": "712cb0ec189a11f31f0d6d0c0031b569",
                "passes": 0,
                "fails": 7500
            },
            "503 Service Unavailable": {
                "name": "503 Service Unavailable",
                "path": "::503 Service Unavailable",
                "id": "f1ea1a22be0dc738c385523a66ea1cd9",
                "passes": 0,
                "fails": 7500
            },
            "504 Gateway Timeout": {
                "id": "218efb729cb654723ccd57c6ebbebe29",
                "passes": 0,
                "fails": 7500,
                "name": "504 Gateway Timeout",
                "path": "::504 Gateway Timeout"
            }
        },
        "name": "",
        "path": "",
        "id": "d41d8cd98f00b204e9800998ecf8427e",
        "groups": {}
    }
}