{
    "metrics": {
        "http_reqs": {
            "count": 7500,
            "rate": 822.1031485585988
        },
        "data_received": {
            "count": 41615808,
            "rate": 4561664.90488135
        },
        "http_req_duration{expected_response:true}": {
            "med": 3104.44675,
            "max": 7017.9449,
            "p(90)": 6360.3141,
            "p(95)": 6785.2417749999995,
            "avg": 3403.3018070266735,
            "min": 213.2259
        },
        "http_req_receiving": {
            "p(90)": 0.5400100000000001,
            "p(95)": 1.0004,
            "avg": 0.1695919199999999,
            "min": 0,
            "med": 0,
            "max": 9.3874
        },
        "http_req_duration": {
            "avg": 3403.3018070266735,
            "min": 213.2259,
            "med": 3104.44675,
            "max": 7017.9449,
            "p(90)": 6360.3141,
            "p(95)": 6785.2417749999995
        },
        "http_req_failed": {
            "fails": 7500,
            "passes": 0,
            "value": 0
        },
        "iteration_duration": {
            "avg": 6437.992773039987,
            "min": 2051.4567,
            "med": 5345.3549,
            "max": 8992.7876,
            "p(90)": 8865.22783,
            "p(95)": 8885.3909
        },
        "vus": {
            "value": 3655,
            "min": 0,
            "max": 7500
        },
        "http_req_waiting": {
            "med": 3104.44675,
            "max": 7017.9449,
            "p(90)": 6358.827510000001,
            "p(95)": 6785.2417749999995,
            "avg": 3402.964760426668,
            "min": 212.7097
        },
        "iterations": {
            "count": 7500,
            "rate": 822.1031485585988
        },
        "http_req_sending": {
            "med": 0,
            "max": 18.0445,
            "p(90)": 0.5548,
            "p(95)": 0.6208049999999999,
            "avg": 0.1674546800000008,
            "min": 0
        },
        "vus_max": {
            "value": 7500,
            "min": 1616,
            "max": 7500
        },
        "http_req_blocked": {
            "avg": 2033.7495071733395,
            "min": 463.8554,
            "med": 1720.75895,
            "max": 5390.0446,
            "p(90)": 4198.66131,
            "p(95)": 4761.683274999999
        },
        "http_req_tls_handshaking": {
            "avg": 1634.7531291466707,
            "min": 268.4488,
            "med": 1310.4562500000002,
            "max": 4903.8958,
            "p(90)": 3743.9274300000006,
            "p(95)": 4296.332004999998
        },
        "http_req_connecting": {
            "p(95)": 275.44578,
            "avg": 241.58578951999854,
            "min": 189.2661,
            "med": 248.8837,
            "max": 280.4446,
            "p(90)": 264.0387
        },
        "checks": {
            "fails": 97500,
            "passes": 7500,
            "value": 0.07142857142857142
        },
        "data_sent": {
            "count": 7500000,
            "rate": 822103.1485585988
        }
    },
    "root_group": {
        "name": "",
        "path": "",
        "id": "d41d8cd98f00b204e9800998ecf8427e",
        "groups": {},
        "checks": {
                "101 Switching Protocols": {
                    "name": "101 Switching Protocols",
                    "path": "::101 Switching Protocols",
                    "id": "a834061b52d630fbeac21392b9d8bc0d",
                    "passes": 0,
                    "fails": 7500
                },
                "200 OK": {
                    "path": "::200 OK",
                    "id": "e9654c443eff553da9e69eda7007924e",
                    "passes": 7500,
                    "fails": 0,
                    "name": "200 OK"
                },
                "201 Created": {
                    "name": "201 Created",
                    "path": "::201 Created",
                    "id": "728dcd977aae263ca314731145e1d447",
                    "passes": 0,
                    "fails": 7500
                },
                "204 No Content": {
                    "passes": 0,
                    "fails": 7500,
                    "name": "204 No Content",
                    "path": "::204 No Content",
                    "id": "54fa3c2eda34e1622fda2da5e0479fc5"
                },
                "400 Bad Request": {
                    "name": "400 Bad Request",
                    "path": "::400 Bad Request",
                    "id": "eeae81934b9b58bccaf0184a6d070338",
                    "passes": 0,
                    "fails": 7500
                },
                "401 Unauthorized": {
                    "fails": 7500,
                    "name": "401 Unauthorized",
                    "path": "::401 Unauthorized",
                    "id": "6ae9254e6aefe7f0bafe5102fa7e20a5",
                    "passes": 0
                },
                "403 Forbidden": {
                    "name": "403 Forbidden",
                    "path": "::403 Forbidden",
                    "id": "655548b761742c5a7ad15aa7df3a5d9c",
                    "passes": 0,
                    "fails": 7500
                },
                "404 Not Found": {
                    "passes": 0,
                    "fails": 7500,
                    "name": "404 Not Found",
                    "path": "::404 Not Found",
                    "id": "df1528f9925ca236bac51008f77b774a"
                },
                "422 Unprocessable Content": {
                    "name": "422 Unprocessable Content",
                    "path": "::422 Unprocessable Content",
                    "id": "d94c37ab64a32602add978a71bd22822",
                    "passes": 0,
                    "fails": 7500
                },
                "429 Too Many Requests": {
                    "passes": 0,
                    "fails": 7500,
                    "name": "429 Too Many Requests",
                    "path": "::429 Too Many Requests",
                    "id": "b810c35b9499cc7342fd415032e3a6aa"
                },
                "500 Internal Server Error": {
                    "name": "500 Internal Server Error",
                    "path": "::500 Internal Server Error",
                    "id": "3cd96245b24e869810efe46d533b0eef",
                    "passes": 0,
                    "fails": 7500
                },
                "502 Bad Gateway": {
                    "name": "502 Bad Gateway",
                    "path": "::502 Bad Gateway",
                    "id": "712cb0ec189a11f31f0d6d0c0031b569",
                    "passes": 0,
                    "fails": 7500
                },
                "503 Service Unavailable": {
                    "name": "503 Service Unavailable",
                    "path": "::503 Service Unavailable",
                    "id": "f1ea1a22be0dc738c385523a66ea1cd9",
                    "passes": 0,
                    "fails": 7500
                },
                "504 Gateway Timeout": {
                    "name": "504 Gateway Timeout",
                    "path": "::504 Gateway Timeout",
                    "id": "218efb729cb654723ccd57c6ebbebe29",
                    "passes": 0,
                    "fails": 7500
                }
            }
    }
}