{
    "metrics": {
        "vus": {
            "min": 0,
            "max": 9998,
            "value": 2259
        },
        "iterations": {
            "count": 10000,
            "rate": 213.7757691378006
        },
        "vus_max": {
            "value": 10000,
            "min": 1579,
            "max": 10000
        },
        "http_req_duration{expected_response:true}": {
            "avg": 14952.129085820005,
            "min": 0,
            "med": 23705.7954,
            "max": 27762.6365,
            "p(90)": 26862.103710000003,
            "p(95)": 27085.05405
        },
        "http_req_blocked": {
            "avg": 15994.202020189976,
            "min": 1162.2775,
            "med": 15764.79395,
            "max": 18728.732,
            "p(90)": 17131.92958,
            "p(95)": 17376.962044999997
        },
        "http_req_tls_handshaking": {
            "med": 11683.052,
            "max": 14424.9969,
            "p(90)": 13628.2708,
            "p(95)": 14164.42287,
            "avg": 8280.998247820009,
            "min": 8.0007
        },
        "data_sent": {
            "count": 11173200,
            "rate": 238855.94237304738
        },
        "data_received": {
            "rate": 4486707.329682551,
            "count": 209879134
        },
        "http_req_sending": {
            "avg": 0.7151706000000005,
            "min": 0,
            "med": 0,
            "max": 662.1583,
            "p(90)": 0.9991,
            "p(95)": 4.5116849999999955
        },
        "http_req_waiting": {
            "avg": 14944.978989939937,
            "min": 0,
            "med": 23702.5026,
            "max": 27759.9007,
            "p(90)": 26857.71381,
            "p(95)": 27079.45416
        },
        "http_req_failed": {
            "passes": 0,
            "fails": 10000,
            "value": 0
        },
        "checks": {
            "passes": 10000,
            "fails": 130000,
            "value": 0.07142857142857142
        },
        "http_reqs": {
            "count": 10000,
            "rate": 213.7757691378006
        },
        "http_req_receiving": {
            "avg": 6.434925279999999,
            "min": 0,
            "med": 3.0004,
            "max": 1499.6028,
            "p(90)": 11.170490000000004,
            "p(95)": 17.997539999999997
        },
        "iteration_duration": {
            "max": 46547.7428,
            "p(90)": 45094.68937,
            "p(95)": 45312.431925000004,
            "avg": 31978.03609897003,
            "min": 2542.5263,
            "med": 40180.775649999996
        },
        "http_req_duration": {
            "med": 23705.7954,
            "max": 27762.6365,
            "p(90)": 26862.103710000003,
            "p(95)": 27085.05405,
            "avg": 14952.129085820005,
            "min": 0
        },
        "http_req_connecting": {
            "avg": 7578.218141220038,
            "min": 692.9639,
            "med": 4318.0523,
            "max": 15149.3289,
            "p(90)": 14385.8723,
            "p(95)": 14466.2819
        }
    },
    "root_group": {
        "name": "",
        "path": "",
        "id": "d41d8cd98f00b204e9800998ecf8427e",
        "groups": {},
        "checks": {
                "101 Switching Protocols": {
                    "id": "a834061b52d630fbeac21392b9d8bc0d",
                    "passes": 0,
                    "fails": 10000,
                    "name": "101 Switching Protocols",
                    "path": "::101 Switching Protocols"
                },
                "200 OK": {
                    "name": "200 OK",
                    "path": "::200 OK",
                    "id": "e9654c443eff553da9e69eda7007924e",
                    "passes": 10000,
                    "fails": 0
                },
                "201 Created": {
                    "id": "728dcd977aae263ca314731145e1d447",
                    "passes": 0,
                    "fails": 10000,
                    "name": "201 Created",
                    "path": "::201 Created"
                },
                "204 No Content": {
                    "path": "::204 No Content",
                    "id": "54fa3c2eda34e1622fda2da5e0479fc5",
                    "passes": 0,
                    "fails": 10000,
                    "name": "204 No Content"
                },
                "400 Bad Request": {
                    "name": "400 Bad Request",
                    "path": "::400 Bad Request",
                    "id": "eeae81934b9b58bccaf0184a6d070338",
                    "passes": 0,
                    "fails": 10000
                },
                "401 Unauthorized": {
                    "name": "401 Unauthorized",
                    "path": "::401 Unauthorized",
                    "id": "6ae9254e6aefe7f0bafe5102fa7e20a5",
                    "passes": 0,
                    "fails": 10000
                },
                "403 Forbidden": {
                    "fails": 10000,
                    "name": "403 Forbidden",
                    "path": "::403 Forbidden",
                    "id": "655548b761742c5a7ad15aa7df3a5d9c",
                    "passes": 0
                },
                "404 Not Found": {
                    "name": "404 Not Found",
                    "path": "::404 Not Found",
                    "id": "df1528f9925ca236bac51008f77b774a",
                    "passes": 0,
                    "fails": 10000
                },
                "422 Unprocessable Content": {
                    "name": "422 Unprocessable Content",
                    "path": "::422 Unprocessable Content",
                    "id": "d94c37ab64a32602add978a71bd22822",
                    "passes": 0,
                    "fails": 10000
                },
                "429 Too Many Requests": {
                    "name": "429 Too Many Requests",
                    "path": "::429 Too Many Requests",
                    "id": "b810c35b9499cc7342fd415032e3a6aa",
                    "passes": 0,
                    "fails": 10000
                },
                "500 Internal Server Error": {
                    "name": "500 Internal Server Error",
                    "path": "::500 Internal Server Error",
                    "id": "3cd96245b24e869810efe46d533b0eef",
                    "passes": 0,
                    "fails": 10000
                },
                "502 Bad Gateway": {
                    "name": "502 Bad Gateway",
                    "path": "::502 Bad Gateway",
                    "id": "712cb0ec189a11f31f0d6d0c0031b569",
                    "passes": 0,
                    "fails": 10000
                },
                "503 Service Unavailable": {
                    "name": "503 Service Unavailable",
                    "path": "::503 Service Unavailable",
                    "id": "f1ea1a22be0dc738c385523a66ea1cd9",
                    "passes": 0,
                    "fails": 10000
                },
                "504 Gateway Timeout": {
                    "passes": 0,
                    "fails": 10000,
                    "name": "504 Gateway Timeout",
                    "path": "::504 Gateway Timeout",
                    "id": "218efb729cb654723ccd57c6ebbebe29"
                }
            }
    }
}