{
    "metrics": {
        "http_req_duration{expected_response:true}": {
            "avg": 2495.9696407866672,
            "min": 577.5782,
            "med": 2368.0659,
            "max": 4790.4366,
            "p(90)": 3904.19473,
            "p(95)": 4053.3413849999997
        },
        "http_req_sending": {
            "p(95)": 0.9997,
            "avg": 0.20476468000000017,
            "min": 0,
            "med": 0,
            "max": 30.3739,
            "p(90)": 0.5763
        },
        "vus": {
            "value": 1726,
            "min": 0,
            "max": 7500
        },
        "http_req_tls_handshaking": {
            "max": 3438.9459,
            "p(90)": 2292.8554200000003,
            "p(95)": 2870.324984999999,
            "avg": 1170.2624014399983,
            "min": 319.3167,
            "med": 1013.8179
        },
        "http_req_duration": {
            "p(95)": 4053.3413849999997,
            "avg": 2495.9696407866672,
            "min": 577.5782,
            "med": 2368.0659,
            "max": 4790.4366,
            "p(90)": 3904.19473
        },
        "http_req_connecting": {
            "avg": 371.26841590666896,
            "min": 24.0028,
            "med": 378.9334,
            "max": 398.9382,
            "p(90)": 392.9365,
            "p(95)": 393.937
        },
        "http_req_waiting": {
            "p(95)": 4053.24941,
            "avg": 2495.568059280001,
            "min": 577.5782,
            "med": 2367.4358,
            "max": 4790.4366,
            "p(90)": 3903.85876
        },
        "iterations": {
            "count": 7500,
            "rate": 1083.8869538857261
        },
        "http_req_failed": {
            "passes": 0,
            "fails": 7500,
            "value": 0
        },
        "http_req_receiving": {
            "max": 11.6576,
            "p(90)": 0.5575,
            "p(95)": 1.0008,
            "avg": 0.19681682666666714,
            "min": 0,
            "med": 0
        },
        "data_sent": {
            "count": 7650000,
            "rate": 1105564.6929634407
        },
        "http_req_blocked": {
            "max": 3791.276,
            "p(90)": 2665.54317,
            "p(95)": 3227.574659999997,
            "avg": 1542.033686093333,
            "min": 420.9388,
            "med": 1396.5495500000002
        },
        "http_reqs": {
            "count": 7500,
            "rate": 1083.8869538857261
        },
        "checks": {
            "passes": 7500,
            "fails": 97500,
            "value": 0.07142857142857142
        },
        "data_received": {
            "rate": 6912792.681271566,
            "count": 47833351
        },
        "iteration_duration": {
            "p(95)": 6227.625075,
            "avg": 5038.584276573369,
            "min": 3010.366,
            "med": 4989.46285,
            "max": 6560.1897,
            "p(90)": 6198.8281
        },
        "vus_max": {
            "min": 1508,
            "max": 7500,
            "value": 7500
        }
    },
    "root_group": {
        "id": "d41d8cd98f00b204e9800998ecf8427e",
        "groups": {},
        "checks": {
                "101 Switching Protocols": {
                    "id": "a834061b52d630fbeac21392b9d8bc0d",
                    "passes": 0,
                    "fails": 7500,
                    "name": "101 Switching Protocols",
                    "path": "::101 Switching Protocols"
                },
                "200 OK": {
                    "name": "200 OK",
                    "path": "::200 OK",
                    "id": "e9654c443eff553da9e69eda7007924e",
                    "passes": 7500,
                    "fails": 0
                },
                "201 Created": {
                    "name": "201 Created",
                    "path": "::201 Created",
                    "id": "728dcd977aae263ca314731145e1d447",
                    "passes": 0,
                    "fails": 7500
                },
                "204 No Content": {
                    "path": "::204 No Content",
                    "id": "54fa3c2eda34e1622fda2da5e0479fc5",
                    "passes": 0,
                    "fails": 7500,
                    "name": "204 No Content"
                },
                "400 Bad Request": {
                    "id": "eeae81934b9b58bccaf0184a6d070338",
                    "passes": 0,
                    "fails": 7500,
                    "name": "400 Bad Request",
                    "path": "::400 Bad Request"
                },
                "401 Unauthorized": {
                    "name": "401 Unauthorized",
                    "path": "::401 Unauthorized",
                    "id": "6ae9254e6aefe7f0bafe5102fa7e20a5",
                    "passes": 0,
                    "fails": 7500
                },
                "403 Forbidden": {
                    "name": "403 Forbidden",
                    "path": "::403 Forbidden",
                    "id": "655548b761742c5a7ad15aa7df3a5d9c",
                    "passes": 0,
                    "fails": 7500
                },
                "404 Not Found": {
                    "name": "404 Not Found",
                    "path": "::404 Not Found",
                    "id": "df1528f9925ca236bac51008f77b774a",
                    "passes": 0,
                    "fails": 7500
                },
                "422 Unprocessable Content": {
                    "path": "::422 Unprocessable Content",
                    "id": "d94c37ab64a32602add978a71bd22822",
                    "passes": 0,
                    "fails": 7500,
                    "name": "422 Unprocessable Content"
                },
                "429 Too Many Requests": {
                    "name": "429 Too Many Requests",
                    "path": "::429 Too Many Requests",
                    "id": "b810c35b9499cc7342fd415032e3a6aa",
                    "passes": 0,
                    "fails": 7500
                },
                "500 Internal Server Error": {
                    "fails": 7500,
                    "name": "500 Internal Server Error",
                    "path": "::500 Internal Server Error",
                    "id": "3cd96245b24e869810efe46d533b0eef",
                    "passes": 0
                },
                "502 Bad Gateway": {
                    "name": "502 Bad Gateway",
                    "path": "::502 Bad Gateway",
                    "id": "712cb0ec189a11f31f0d6d0c0031b569",
                    "passes": 0,
                    "fails": 7500
                },
                "503 Service Unavailable": {
                    "name": "503 Service Unavailable",
                    "path": "::503 Service Unavailable",
                    "id": "f1ea1a22be0dc738c385523a66ea1cd9",
                    "passes": 0,
                    "fails": 7500
                },
                "504 Gateway Timeout": {
                    "passes": 0,
                    "fails": 7500,
                    "name": "504 Gateway Timeout",
                    "path": "::504 Gateway Timeout",
                    "id": "218efb729cb654723ccd57c6ebbebe29"
                }
            },
        "name": "",
        "path": ""
    }
}