{
    "metrics": {
        "http_req_receiving": {
            "p(95)": 1.000005,
            "avg": 0.20032874666666672,
            "min": 0,
            "med": 0,
            "max": 34.3392,
            "p(90)": 0.5292
        },
        "http_req_tls_handshaking": {
            "med": 1463.9755,
            "max": 6524.0808,
            "p(90)": 5134.763370000001,
            "p(95)": 5978.797204999999,
            "avg": 2047.7505015866727,
            "min": 0
        },
        "http_req_sending": {
            "min": 0,
            "med": 0,
            "max": 28.8098,
            "p(90)": 0.5519,
            "p(95)": 0.5705099999999999,
            "avg": 0.12441374666666655
        },
        "iterations": {
            "count": 7500,
            "rate": 255.9110339143914
        },
        "data_sent": {
            "count": 5011872,
            "rate": 171012.44604887848
        },
        "vus": {
            "value": 145,
            "min": 0,
            "max": 7500
        },
        "http_req_duration": {
            "p(90)": 9326.340329999999,
            "p(95)": 21513.72466,
            "avg": 5004.7074136266565,
            "min": 0,
            "med": 3369.7191,
            "max": 22120.3848
        },
        "http_req_duration{expected_response:true}": {
            "max": 22120.3848,
            "p(90)": 21322.03227,
            "p(95)": 21716.541005,
            "avg": 7459.321463076297,
            "min": 63.4247,
            "med": 6888.893
        },
        "vus_max": {
            "value": 7500,
            "min": 1549,
            "max": 7500
        },
        "http_req_connecting": {
            "avg": 491.28420769332956,
            "min": 0,
            "med": 276.7995,
            "max": 3041.9518,
            "p(90)": 3002.7176,
            "p(95)": 3005.5291
        },
        "data_received": {
            "count": 27086623,
            "rate": 924235.4262905779
        },
        "iteration_duration": {
            "avg": 15936.898063733393,
            "min": 4451.9127,
            "med": 12356.92995,
            "max": 29167.8103,
            "p(90)": 24689.808070000003,
            "p(95)": 29065.586379999997
        },
        "http_req_failed": {
            "passes": 2468,
            "fails": 5032,
            "value": 0.3290666666666667
        },
        "checks": {
            "passes": 5032,
            "fails": 99968,
            "value": 0.04792380952380952
        },
        "http_reqs": {
            "rate": 255.9110339143914,
            "count": 7500
        },
        "http_req_waiting": {
            "p(95)": 21513.154985,
            "avg": 5004.382671133328,
            "min": 0,
            "med": 3369.1583499999997,
            "max": 22119.8372,
            "p(90)": 9326.28361
        },
        "http_req_blocked": {
            "min": 0,
            "med": 2599.4139,
            "max": 6822.3677,
            "p(90)": 5467.61275,
            "p(95)": 6305.429459999998,
            "avg": 2540.136239773336
        }
    },
    "root_group": {
        "path": "",
        "id": "d41d8cd98f00b204e9800998ecf8427e",
        "groups": {},
        "checks": {
                "101 Switching Protocols": {
                    "name": "101 Switching Protocols",
                    "path": "::101 Switching Protocols",
                    "id": "a834061b52d630fbeac21392b9d8bc0d",
                    "passes": 0,
                    "fails": 7500
                },
                "200 OK": {
                    "name": "200 OK",
                    "path": "::200 OK",
                    "id": "e9654c443eff553da9e69eda7007924e",
                    "passes": 5032,
                    "fails": 2468
                },
                "201 Created": {
                    "name": "201 Created",
                    "path": "::201 Created",
                    "id": "728dcd977aae263ca314731145e1d447",
                    "passes": 0,
                    "fails": 7500
                },
                "204 No Content": {
                    "name": "204 No Content",
                    "path": "::204 No Content",
                    "id": "54fa3c2eda34e1622fda2da5e0479fc5",
                    "passes": 0,
                    "fails": 7500
                },
                "400 Bad Request": {
                    "name": "400 Bad Request",
                    "path": "::400 Bad Request",
                    "id": "eeae81934b9b58bccaf0184a6d070338",
                    "passes": 0,
                    "fails": 7500
                },
                "401 Unauthorized": {
                    "name": "401 Unauthorized",
                    "path": "::401 Unauthorized",
                    "id": "6ae9254e6aefe7f0bafe5102fa7e20a5",
                    "passes": 0,
                    "fails": 7500
                },
                "403 Forbidden": {
                    "name": "403 Forbidden",
                    "path": "::403 Forbidden",
                    "id": "655548b761742c5a7ad15aa7df3a5d9c",
                    "passes": 0,
                    "fails": 7500
                },
                "404 Not Found": {
                    "name": "404 Not Found",
                    "path": "::404 Not Found",
                    "id": "df1528f9925ca236bac51008f77b774a",
                    "passes": 0,
                    "fails": 7500
                },
                "422 Unprocessable Content": {
                    "name": "422 Unprocessable Content",
                    "path": "::422 Unprocessable Content",
                    "id": "d94c37ab64a32602add978a71bd22822",
                    "passes": 0,
                    "fails": 7500
                },
                "429 Too Many Requests": {
                    "name": "429 Too Many Requests",
                    "path": "::429 Too Many Requests",
                    "id": "b810c35b9499cc7342fd415032e3a6aa",
                    "passes": 0,
                    "fails": 7500
                },
                "500 Internal Server Error": {
                    "passes": 0,
                    "fails": 7500,
                    "name": "500 Internal Server Error",
                    "path": "::500 Internal Server Error",
                    "id": "3cd96245b24e869810efe46d533b0eef"
                },
                "502 Bad Gateway": {
                    "name": "502 Bad Gateway",
                    "path": "::502 Bad Gateway",
                    "id": "712cb0ec189a11f31f0d6d0c0031b569",
                    "passes": 0,
                    "fails": 7500
                },
                "503 Service Unavailable": {
                    "path": "::503 Service Unavailable",
                    "id": "f1ea1a22be0dc738c385523a66ea1cd9",
                    "passes": 0,
                    "fails": 7500,
                    "name": "503 Service Unavailable"
                },
                "504 Gateway Timeout": {
                    "name": "504 Gateway Timeout",
                    "path": "::504 Gateway Timeout",
                    "id": "218efb729cb654723ccd57c6ebbebe29",
                    "passes": 0,
                    "fails": 7500
                }
            },
        "name": ""
    }
}