{
    "metrics": {
        "data_sent": {
            "count": 7492500,
            "rate": 1190358.2648715149
        },
        "http_req_waiting": {
            "p(95)": 4276.490905,
            "avg": 2454.9696475600053,
            "min": 231.6873,
            "med": 2398.8938,
            "max": 4569.0403,
            "p(90)": 4066.95817
        },
        "http_req_sending": {
            "avg": 0.20236223999999983,
            "min": 0,
            "med": 0,
            "max": 18.528,
            "p(90)": 0.5619,
            "p(95)": 0.9898099999999999
        },
        "http_req_failed": {
            "passes": 0,
            "fails": 7500,
            "value": 0
        },
        "http_req_duration{expected_response:true}": {
            "avg": 2455.3978957866666,
            "min": 234.6746,
            "med": 2399.2684499999996,
            "max": 4569.0403,
            "p(90)": 4067.5382400000003,
            "p(95)": 4276.5157
        },
        "http_req_tls_handshaking": {
            "med": 1314.3673,
            "max": 3402.8488,
            "p(90)": 2913.9349500000003,
            "p(95)": 3111.900515,
            "avg": 1472.4096627333342,
            "min": 258.8669
        },
        "iterations": {
            "count": 7500,
            "rate": 1191.549814686201
        },
        "http_reqs": {
            "count": 7500,
            "rate": 1191.549814686201
        },
        "http_req_receiving": {
            "max": 13.9992,
            "p(90)": 0.9994,
            "p(95)": 1.002,
            "avg": 0.22588598666666732,
            "min": 0,
            "med": 0
        },
        "checks": {
            "passes": 7500,
            "fails": 97500,
            "value": 0.07142857142857142
        },
        "http_req_blocked": {
            "med": 1670.1392500000002,
            "max": 3881.8605,
            "p(90)": 3362.45996,
            "p(95)": 3572.90191,
            "avg": 1834.0424801466622,
            "min": 477.0097
        },
        "iteration_duration": {
            "avg": 5289.956040853373,
            "min": 2063.4529,
            "med": 5869.344800000001,
            "max": 6242.5281,
            "p(90)": 6190.8407,
            "p(95)": 6201.549
        },
        "vus": {
            "value": 2203,
            "min": 0,
            "max": 7500
        },
        "http_req_duration": {
            "med": 2399.2684499999996,
            "max": 4569.0403,
            "p(90)": 4067.5382400000003,
            "p(95)": 4276.5157,
            "avg": 2455.3978957866666,
            "min": 234.6746
        },
        "http_req_connecting": {
            "avg": 227.87349381333553,
            "min": 199.7375,
            "med": 224.5024,
            "max": 266.866,
            "p(90)": 247.39217,
            "p(95)": 255.8658
        },
        "vus_max": {
            "min": 1557,
            "max": 7500,
            "value": 7500
        },
        "data_received": {
            "count": 40685700,
            "rate": 6463871.7727171155
        }
    },
    "root_group": {
        "name": "",
        "path": "",
        "id": "d41d8cd98f00b204e9800998ecf8427e",
        "groups": {},
        "checks": {
                "101 Switching Protocols": {
                    "name": "101 Switching Protocols",
                    "path": "::101 Switching Protocols",
                    "id": "a834061b52d630fbeac21392b9d8bc0d",
                    "passes": 0,
                    "fails": 7500
                },
                "200 OK": {
                    "id": "e9654c443eff553da9e69eda7007924e",
                    "passes": 7500,
                    "fails": 0,
                    "name": "200 OK",
                    "path": "::200 OK"
                },
                "201 Created": {
                    "name": "201 Created",
                    "path": "::201 Created",
                    "id": "728dcd977aae263ca314731145e1d447",
                    "passes": 0,
                    "fails": 7500
                },
                "204 No Content": {
                    "fails": 7500,
                    "name": "204 No Content",
                    "path": "::204 No Content",
                    "id": "54fa3c2eda34e1622fda2da5e0479fc5",
                    "passes": 0
                },
                "400 Bad Request": {
                    "name": "400 Bad Request",
                    "path": "::400 Bad Request",
                    "id": "eeae81934b9b58bccaf0184a6d070338",
                    "passes": 0,
                    "fails": 7500
                },
                "401 Unauthorized": {
                    "name": "401 Unauthorized",
                    "path": "::401 Unauthorized",
                    "id": "6ae9254e6aefe7f0bafe5102fa7e20a5",
                    "passes": 0,
                    "fails": 7500
                },
                "403 Forbidden": {
                    "name": "403 Forbidden",
                    "path": "::403 Forbidden",
                    "id": "655548b761742c5a7ad15aa7df3a5d9c",
                    "passes": 0,
                    "fails": 7500
                },
                "404 Not Found": {
                    "id": "df1528f9925ca236bac51008f77b774a",
                    "passes": 0,
                    "fails": 7500,
                    "name": "404 Not Found",
                    "path": "::404 Not Found"
                },
                "422 Unprocessable Content": {
                    "path": "::422 Unprocessable Content",
                    "id": "d94c37ab64a32602add978a71bd22822",
                    "passes": 0,
                    "fails": 7500,
                    "name": "422 Unprocessable Content"
                },
                "429 Too Many Requests": {
                    "passes": 0,
                    "fails": 7500,
                    "name": "429 Too Many Requests",
                    "path": "::429 Too Many Requests",
                    "id": "b810c35b9499cc7342fd415032e3a6aa"
                },
                "500 Internal Server Error": {
                    "name": "500 Internal Server Error",
                    "path": "::500 Internal Server Error",
                    "id": "3cd96245b24e869810efe46d533b0eef",
                    "passes": 0,
                    "fails": 7500
                },
                "502 Bad Gateway": {
                    "name": "502 Bad Gateway",
                    "path": "::502 Bad Gateway",
                    "id": "712cb0ec189a11f31f0d6d0c0031b569",
                    "passes": 0,
                    "fails": 7500
                },
                "503 Service Unavailable": {
                    "id": "f1ea1a22be0dc738c385523a66ea1cd9",
                    "passes": 0,
                    "fails": 7500,
                    "name": "503 Service Unavailable",
                    "path": "::503 Service Unavailable"
                },
                "504 Gateway Timeout": {
                    "name": "504 Gateway Timeout",
                    "path": "::504 Gateway Timeout",
                    "id": "218efb729cb654723ccd57c6ebbebe29",
                    "passes": 0,
                    "fails": 7500
                }
            }
    }
}