{
    "metrics": {
        "ws_sessions": {
            "count": 1,
            "rate": 0.09077515464409958
        },
        "data_received": {
            "rate": 487.28103012952647,
            "count": 5368
        },
        "vus": {
            "min": 1,
            "max": 1,
            "value": 1
        },
        "ws_session_duration": {
            "avg": 10014.6068,
            "min": 10014.6068,
            "med": 10014.6068,
            "max": 10014.6068,
            "p(90)": 10014.6068,
            "p(95)": 10014.6068
        },
        "iteration_duration": {
            "avg": 11015.5247,
            "min": 11015.5247,
            "med": 11015.5247,
            "max": 11015.5247,
            "p(90)": 11015.5247,
            "p(95)": 11015.5247
        },
        "iterations": {
            "count": 1,
            "rate": 0.09077515464409958
        },
        "ws_connecting": {
            "avg": 13.6371,
            "min": 13.6371,
            "med": 13.6371,
            "max": 13.6371,
            "p(90)": 13.6371,
            "p(95)": 13.6371
        },
        "vus_max": {
            "value": 1,
            "min": 1,
            "max": 1
        },
        "data_sent": {
            "rate": 59.639276601173414,
            "count": 657
        }
    },
    "root_group": {
        "id": "d41d8cd98f00b204e9800998ecf8427e",
        "groups": {},
        "checks": {},
        "name": "",
        "path": ""
    }
}