{
    "root_group": {
        "groups": {},
        "checks": {},
        "name": "",
        "path": "",
        "id": "d41d8cd98f00b204e9800998ecf8427e"
    },
    "metrics": {
        "ws_connecting": {
            "avg": 26.0907,
            "min": 26.0907,
            "med": 26.0907,
            "max": 26.0907,
            "p(90)": 26.0907,
            "p(95)": 26.0907
        },
        "vus_max": {
            "value": 1,
            "min": 1,
            "max": 1
        },
        "data_sent": {
            "count": 657,
            "rate": 59.56641524743562
        },
        "data_received": {
            "count": 5368,
            "rate": 486.68571849046333
        },
        "ws_session_duration": {
            "p(95)": 10027.6469,
            "avg": 10027.6469,
            "min": 10027.6469,
            "med": 10027.6469,
            "max": 10027.6469,
            "p(90)": 10027.6469
        },
        "ws_sessions": {
            "count": 1,
            "rate": 0.09066425456230688
        },
        "iterations": {
            "count": 1,
            "rate": 0.09066425456230688
        },
        "vus": {
            "min": 1,
            "max": 1,
            "value": 1
        },
        "iteration_duration": {
            "avg": 11029.51,
            "min": 11029.51,
            "med": 11029.51,
            "max": 11029.51,
            "p(90)": 11029.51,
            "p(95)": 11029.51
        }
    }
}