{
    "metrics": {
        "data_received": {
            "rate": 4867.832101361323,
            "count": 53680
        },
        "iterations": {
            "count": 10,
            "rate": 0.9068241619525564
        },
        "checks": {
            "passes": 10,
            "fails": 130,
            "value": 0.07142857142857142
        },
        "iteration_duration": {
            "avg": 11022.798829999998,
            "min": 11021.3859,
            "med": 11021.3859,
            "max": 11026.7397,
            "p(90)": 11026.52082,
            "p(95)": 11026.63026
        },
        "vus_max": {
            "value": 10,
            "min": 10,
            "max": 10
        },
        "ws_session_duration": {
            "avg": 10022.35874,
            "min": 10021.2177,
            "med": 10021.2177,
            "max": 10026.4277,
            "p(90)": 10024.52888,
            "p(95)": 10025.478290000001
        },
        "data_sent": {
            "count": 6570,
            "rate": 595.7834744028296
        },
        "vus": {
            "value": 10,
            "min": 10,
            "max": 10
        },
        "ws_sessions": {
            "count": 10,
            "rate": 0.9068241619525564
        },
        "ws_connecting": {
            "med": 21.4398,
            "max": 26.3283,
            "p(90)": 23.93466,
            "p(95)": 25.131479999999996,
            "avg": 21.93741,
            "min": 19.7396
        }
    },
    "root_group": {
        "name": "",
        "path": "",
        "id": "d41d8cd98f00b204e9800998ecf8427e",
        "groups": {},
        "checks": {
                "101 Switching Protocols": {
                    "name": "101 Switching Protocols",
                    "path": "::101 Switching Protocols",
                    "id": "a834061b52d630fbeac21392b9d8bc0d",
                    "passes": 10,
                    "fails": 0
                },
                "200 OK": {
                    "id": "e9654c443eff553da9e69eda7007924e",
                    "passes": 0,
                    "fails": 10,
                    "name": "200 OK",
                    "path": "::200 OK"
                },
                "201 Created": {
                    "name": "201 Created",
                    "path": "::201 Created",
                    "id": "728dcd977aae263ca314731145e1d447",
                    "passes": 0,
                    "fails": 10
                },
                "204 No Content": {
                    "name": "204 No Content",
                    "path": "::204 No Content",
                    "id": "54fa3c2eda34e1622fda2da5e0479fc5",
                    "passes": 0,
                    "fails": 10
                },
                "400 Bad Request": {
                    "id": "eeae81934b9b58bccaf0184a6d070338",
                    "passes": 0,
                    "fails": 10,
                    "name": "400 Bad Request",
                    "path": "::400 Bad Request"
                },
                "401 Unauthorized": {
                    "name": "401 Unauthorized",
                    "path": "::401 Unauthorized",
                    "id": "6ae9254e6aefe7f0bafe5102fa7e20a5",
                    "passes": 0,
                    "fails": 10
                },
                "403 Forbidden": {
                    "name": "403 Forbidden",
                    "path": "::403 Forbidden",
                    "id": "655548b761742c5a7ad15aa7df3a5d9c",
                    "passes": 0,
                    "fails": 10
                },
                "404 Not Found": {
                    "name": "404 Not Found",
                    "path": "::404 Not Found",
                    "id": "df1528f9925ca236bac51008f77b774a",
                    "passes": 0,
                    "fails": 10
                },
                "422 Unprocessable Content": {
                    "name": "422 Unprocessable Content",
                    "path": "::422 Unprocessable Content",
                    "id": "d94c37ab64a32602add978a71bd22822",
                    "passes": 0,
                    "fails": 10
                },
                "429 Too Many Requests": {
                    "name": "429 Too Many Requests",
                    "path": "::429 Too Many Requests",
                    "id": "b810c35b9499cc7342fd415032e3a6aa",
                    "passes": 0,
                    "fails": 10
                },
                "500 Internal Server Error": {
                    "name": "500 Internal Server Error",
                    "path": "::500 Internal Server Error",
                    "id": "3cd96245b24e869810efe46d533b0eef",
                    "passes": 0,
                    "fails": 10
                },
                "502 Bad Gateway": {
                    "name": "502 Bad Gateway",
                    "path": "::502 Bad Gateway",
                    "id": "712cb0ec189a11f31f0d6d0c0031b569",
                    "passes": 0,
                    "fails": 10
                },
                "503 Service Unavailable": {
                    "name": "503 Service Unavailable",
                    "path": "::503 Service Unavailable",
                    "id": "f1ea1a22be0dc738c385523a66ea1cd9",
                    "passes": 0,
                    "fails": 10
                },
                "504 Gateway Timeout": {
                    "name": "504 Gateway Timeout",
                    "path": "::504 Gateway Timeout",
                    "id": "218efb729cb654723ccd57c6ebbebe29",
                    "passes": 0,
                    "fails": 10
                }
            }
    }
}