{
    "metrics": {
        "http_req_duration": {
            "max": 6281.1634,
            "p(90)": 4965.39263,
            "p(95)": 5206.6389500000005,
            "avg": 3263.156328840005,
            "min": 218.9997,
            "med": 3033.9012000000002
        },
        "http_req_sending": {
            "p(95)": 0.9999,
            "avg": 0.21680501999999974,
            "min": 0,
            "med": 0,
            "max": 18.3555,
            "p(90)": 0.5902200000000004
        },
        "http_req_receiving": {
            "avg": 4.775693740000015,
            "min": 0,
            "med": 3.0068,
            "max": 234.2308,
            "p(90)": 8.771590000000021,
            "p(95)": 15.030420000000001
        },
        "http_req_waiting": {
            "p(95)": 5202.989485,
            "avg": 3258.1638300800023,
            "min": 218.9997,
            "med": 3025.0985,
            "max": 6278.808,
            "p(90)": 4963.315320000001
        },
        "iteration_duration": {
            "med": 4865.088900000001,
            "max": 7801.695,
            "p(90)": 7479.2248500000005,
            "p(95)": 7575.523425,
            "avg": 5447.2659418199955,
            "min": 1336.5151
        },
        "http_reqs": {
            "count": 5000,
            "rate": 626.622851358806
        },
        "http_req_failed": {
            "fails": 5000,
            "passes": 0,
            "value": 0
        },
        "checks": {
            "passes": 5000,
            "fails": 65000,
            "value": 0.07142857142857142
        },
        "http_req_duration{expected_response:true}": {
            "min": 218.9997,
            "med": 3033.9012000000002,
            "max": 6281.1634,
            "p(90)": 4965.39263,
            "p(95)": 5206.6389500000005,
            "avg": 3263.156328840005
        },
        "vus_max": {
            "value": 5000,
            "min": 1397,
            "max": 5000
        },
        "http_req_tls_handshaking": {
            "avg": 962.494258320003,
            "min": 98.0521,
            "med": 693.62385,
            "max": 2987.1123,
            "p(90)": 2376.832540000001,
            "p(95)": 2682.9464850000004
        },
        "iterations": {
            "count": 5000,
            "rate": 626.622851358806
        },
        "vus": {
            "value": 626,
            "min": 0,
            "max": 5000
        },
        "http_req_connecting": {
            "p(95)": 244.5222,
            "avg": 218.21534308000034,
            "min": 3.9981,
            "med": 218.9941,
            "max": 250.524,
            "p(90)": 243.5216
        },
        "data_received": {
            "count": 105233909,
            "rate": 13188394.423442623
        },
        "http_req_blocked": {
            "avg": 1181.13023976,
            "min": 102.0502,
            "med": 914.522,
            "max": 3182.7428,
            "p(90)": 2587.542770000001,
            "p(95)": 2883.24676
        },
        "data_sent": {
            "count": 5654040,
            "rate": 708590.1332993486
        }
    },
    "root_group": {
        "name": "",
        "path": "",
        "id": "d41d8cd98f00b204e9800998ecf8427e",
        "groups": {},
        "checks": {
                "101 Switching Protocols": {
                    "name": "101 Switching Protocols",
                    "path": "::101 Switching Protocols",
                    "id": "a834061b52d630fbeac21392b9d8bc0d",
                    "passes": 0,
                    "fails": 5000
                },
                "200 OK": {
                    "path": "::200 OK",
                    "id": "e9654c443eff553da9e69eda7007924e",
                    "passes": 5000,
                    "fails": 0,
                    "name": "200 OK"
                },
                "201 Created": {
                    "name": "201 Created",
                    "path": "::201 Created",
                    "id": "728dcd977aae263ca314731145e1d447",
                    "passes": 0,
                    "fails": 5000
                },
                "204 No Content": {
                    "fails": 5000,
                    "name": "204 No Content",
                    "path": "::204 No Content",
                    "id": "54fa3c2eda34e1622fda2da5e0479fc5",
                    "passes": 0
                },
                "400 Bad Request": {
                    "name": "400 Bad Request",
                    "path": "::400 Bad Request",
                    "id": "eeae81934b9b58bccaf0184a6d070338",
                    "passes": 0,
                    "fails": 5000
                },
                "401 Unauthorized": {
                    "name": "401 Unauthorized",
                    "path": "::401 Unauthorized",
                    "id": "6ae9254e6aefe7f0bafe5102fa7e20a5",
                    "passes": 0,
                    "fails": 5000
                },
                "403 Forbidden": {
                    "name": "403 Forbidden",
                    "path": "::403 Forbidden",
                    "id": "655548b761742c5a7ad15aa7df3a5d9c",
                    "passes": 0,
                    "fails": 5000
                },
                "404 Not Found": {
                    "path": "::404 Not Found",
                    "id": "df1528f9925ca236bac51008f77b774a",
                    "passes": 0,
                    "fails": 5000,
                    "name": "404 Not Found"
                },
                "422 Unprocessable Content": {
                    "name": "422 Unprocessable Content",
                    "path": "::422 Unprocessable Content",
                    "id": "d94c37ab64a32602add978a71bd22822",
                    "passes": 0,
                    "fails": 5000
                },
                "429 Too Many Requests": {
                    "path": "::429 Too Many Requests",
                    "id": "b810c35b9499cc7342fd415032e3a6aa",
                    "passes": 0,
                    "fails": 5000,
                    "name": "429 Too Many Requests"
                },
                "500 Internal Server Error": {
                    "name": "500 Internal Server Error",
                    "path": "::500 Internal Server Error",
                    "id": "3cd96245b24e869810efe46d533b0eef",
                    "passes": 0,
                    "fails": 5000
                },
                "502 Bad Gateway": {
                    "id": "712cb0ec189a11f31f0d6d0c0031b569",
                    "passes": 0,
                    "fails": 5000,
                    "name": "502 Bad Gateway",
                    "path": "::502 Bad Gateway"
                },
                "503 Service Unavailable": {
                    "name": "503 Service Unavailable",
                    "path": "::503 Service Unavailable",
                    "id": "f1ea1a22be0dc738c385523a66ea1cd9",
                    "passes": 0,
                    "fails": 5000
                },
                "504 Gateway Timeout": {
                    "fails": 5000,
                    "name": "504 Gateway Timeout",
                    "path": "::504 Gateway Timeout",
                    "id": "218efb729cb654723ccd57c6ebbebe29",
                    "passes": 0
                }
            }
    }
}