{
    "metrics": {
        "http_req_connecting": {
            "avg": 1282.5309923999912,
            "min": 114.72,
            "med": 1541.1443,
            "max": 1783.1927,
            "p(90)": 1710.8218,
            "p(95)": 1723.27118
        },
        "data_received": {
            "count": 64408799,
            "rate": 4848036.5484792525
        },
        "vus": {
            "value": 1005,
            "min": 0,
            "max": 10000
        },
        "vus_max": {
            "max": 10000,
            "value": 10000,
            "min": 1523
        },
        "http_req_duration{expected_response:true}": {
            "p(90)": 5398.77901,
            "p(95)": 6213.5867849999995,
            "avg": 2613.015258370017,
            "min": 661.3659,
            "med": 2132.45135,
            "max": 9850.0923
        },
        "data_sent": {
            "count": 10200000,
            "rate": 767751.8221460453
        },
        "checks": {
            "passes": 10000,
            "fails": 130000,
            "value": 0.07142857142857142
        },
        "http_req_waiting": {
            "p(95)": 6212.178789999999,
            "avg": 2610.771705370011,
            "min": 648.3625,
            "med": 2130.4570000000003,
            "max": 9849.0898,
            "p(90)": 5398.05195
        },
        "http_req_blocked": {
            "avg": 4524.734455760005,
            "min": 1834.8132,
            "med": 4233.3558,
            "max": 9647.3727,
            "p(90)": 6070.52753,
            "p(95)": 9117.378804999998
        },
        "http_req_tls_handshaking": {
            "p(90)": 5296.3415,
            "p(95)": 7539.316904999999,
            "avg": 3239.1977739299937,
            "min": 789.9705,
            "med": 3125.684,
            "max": 8202.729
        },
        "http_reqs": {
            "count": 10000,
            "rate": 752.697864849064
        },
        "http_req_duration": {
            "min": 661.3659,
            "med": 2132.45135,
            "max": 9850.0923,
            "p(90)": 5398.77901,
            "p(95)": 6213.5867849999995,
            "avg": 2613.015258370017
        },
        "iterations": {
            "count": 10000,
            "rate": 752.697864849064
        },
        "http_req_receiving": {
            "avg": 1.661447659999998,
            "min": 0,
            "med": 0,
            "max": 128.4778,
            "p(90)": 3.9971,
            "p(95)": 6.998735
        },
        "http_req_failed": {
            "passes": 0,
            "fails": 10000,
            "value": 0
        },
        "iteration_duration": {
            "avg": 8330.020339069977,
            "min": 5472.3582,
            "med": 7496.18685,
            "max": 13201.3775,
            "p(90)": 12407.79692,
            "p(95)": 12766.436175
        },
        "http_req_sending": {
            "min": 0,
            "med": 0,
            "max": 66.7309,
            "p(90)": 1.0021,
            "p(95)": 2.000305,
            "avg": 0.5821053399999995
        }
    },
    "root_group": {
        "groups": {},
        "checks": {
                "101 Switching Protocols": {
                    "name": "101 Switching Protocols",
                    "path": "::101 Switching Protocols",
                    "id": "a834061b52d630fbeac21392b9d8bc0d",
                    "passes": 0,
                    "fails": 10000
                },
                "200 OK": {
                    "id": "e9654c443eff553da9e69eda7007924e",
                    "passes": 10000,
                    "fails": 0,
                    "name": "200 OK",
                    "path": "::200 OK"
                },
                "201 Created": {
                    "fails": 10000,
                    "name": "201 Created",
                    "path": "::201 Created",
                    "id": "728dcd977aae263ca314731145e1d447",
                    "passes": 0
                },
                "204 No Content": {
                    "id": "54fa3c2eda34e1622fda2da5e0479fc5",
                    "passes": 0,
                    "fails": 10000,
                    "name": "204 No Content",
                    "path": "::204 No Content"
                },
                "400 Bad Request": {
                    "name": "400 Bad Request",
                    "path": "::400 Bad Request",
                    "id": "eeae81934b9b58bccaf0184a6d070338",
                    "passes": 0,
                    "fails": 10000
                },
                "401 Unauthorized": {
                    "name": "401 Unauthorized",
                    "path": "::401 Unauthorized",
                    "id": "6ae9254e6aefe7f0bafe5102fa7e20a5",
                    "passes": 0,
                    "fails": 10000
                },
                "403 Forbidden": {
                    "fails": 10000,
                    "name": "403 Forbidden",
                    "path": "::403 Forbidden",
                    "id": "655548b761742c5a7ad15aa7df3a5d9c",
                    "passes": 0
                },
                "404 Not Found": {
                    "id": "df1528f9925ca236bac51008f77b774a",
                    "passes": 0,
                    "fails": 10000,
                    "name": "404 Not Found",
                    "path": "::404 Not Found"
                },
                "422 Unprocessable Content": {
                    "passes": 0,
                    "fails": 10000,
                    "name": "422 Unprocessable Content",
                    "path": "::422 Unprocessable Content",
                    "id": "d94c37ab64a32602add978a71bd22822"
                },
                "429 Too Many Requests": {
                    "fails": 10000,
                    "name": "429 Too Many Requests",
                    "path": "::429 Too Many Requests",
                    "id": "b810c35b9499cc7342fd415032e3a6aa",
                    "passes": 0
                },
                "500 Internal Server Error": {
                    "fails": 10000,
                    "name": "500 Internal Server Error",
                    "path": "::500 Internal Server Error",
                    "id": "3cd96245b24e869810efe46d533b0eef",
                    "passes": 0
                },
                "502 Bad Gateway": {
                    "name": "502 Bad Gateway",
                    "path": "::502 Bad Gateway",
                    "id": "712cb0ec189a11f31f0d6d0c0031b569",
                    "passes": 0,
                    "fails": 10000
                },
                "503 Service Unavailable": {
                    "name": "503 Service Unavailable",
                    "path": "::503 Service Unavailable",
                    "id": "f1ea1a22be0dc738c385523a66ea1cd9",
                    "passes": 0,
                    "fails": 10000
                },
                "504 Gateway Timeout": {
                    "id": "218efb729cb654723ccd57c6ebbebe29",
                    "passes": 0,
                    "fails": 10000,
                    "name": "504 Gateway Timeout",
                    "path": "::504 Gateway Timeout"
                }
            },
        "name": "",
        "path": "",
        "id": "d41d8cd98f00b204e9800998ecf8427e"
    }
}