{
    "metrics": {
        "vus_max": {
            "value": 10000,
            "min": 1600,
            "max": 10000
        },
        "http_req_failed": {
            "passes": 47,
            "fails": 9953,
            "value": 0.0047
        },
        "data_received": {
            "count": 227882252,
            "rate": 8010858.57844972
        },
        "http_req_blocked": {
            "min": 2199.0299,
            "med": 11123.80265,
            "max": 27165.3382,
            "p(90)": 22156.108409999997,
            "p(95)": 24595.09951499999,
            "avg": 13453.06151619997
        },
        "http_req_duration{expected_response:true}": {
            "avg": 5555.8964191299265,
            "min": 9.1094,
            "med": 2621.451,
            "max": 16553.1992,
            "p(90)": 13264.927580000065,
            "p(95)": 15384.436679999999
        },
        "http_req_duration": {
            "min": 9.1094,
            "med": 2630.4887,
            "max": 16553.1992,
            "p(90)": 13005.451980000007,
            "p(95)": 15375.6908,
            "avg": 5567.599782770016
        },
        "http_reqs": {
            "count": 10000,
            "rate": 351.53499266146093
        },
        "http_req_sending": {
            "avg": 22.301112019999945,
            "min": 0,
            "med": 0,
            "max": 9688.5752,
            "p(90)": 2.00351,
            "p(95)": 5.013024999999989
        },
        "http_req_receiving": {
            "avg": 1300.1651494199996,
            "min": 0,
            "med": 10.52695,
            "max": 15141.8478,
            "p(90)": 2358.3644600000052,
            "p(95)": 12491.3325
        },
        "iteration_duration": {
            "med": 26323.1009,
            "max": 28335.4988,
            "p(90)": 27182.3653,
            "p(95)": 27466.6571,
            "avg": 25394.99666736002,
            "min": 10485.4343
        },
        "http_req_tls_handshaking": {
            "avg": 7174.581258470025,
            "min": 1126.888,
            "med": 7774.2653,
            "max": 21613.2005,
            "p(90)": 13172.264290000005,
            "p(95)": 15994.43384
        },
        "data_sent": {
            "count": 11049993,
            "rate": 388445.9208164195
        },
        "http_req_waiting": {
            "min": 0,
            "med": 2427.9411,
            "max": 16552.1957,
            "p(90)": 9590.07001,
            "p(95)": 12190.874744999996,
            "avg": 4245.133521330024
        },
        "http_req_connecting": {
            "avg": 6245.990018249985,
            "min": 27.0541,
            "med": 7971.1746,
            "max": 10719.896,
            "p(90)": 9298.02952,
            "p(95)": 9380.107619999999
        },
        "iterations": {
            "count": 10000,
            "rate": 351.53499266146093
        },
        "checks": {
            "passes": 9953,
            "fails": 130047,
            "value": 0.07109285714285714
        },
        "vus": {
            "max": 10000,
            "value": 435,
            "min": 0
        }
    },
    "root_group": {
        "id": "d41d8cd98f00b204e9800998ecf8427e",
        "groups": {},
        "checks": {
                "101 Switching Protocols": {
                    "path": "::101 Switching Protocols",
                    "id": "a834061b52d630fbeac21392b9d8bc0d",
                    "passes": 0,
                    "fails": 10000,
                    "name": "101 Switching Protocols"
                },
                "200 OK": {
                    "passes": 9953,
                    "fails": 47,
                    "name": "200 OK",
                    "path": "::200 OK",
                    "id": "e9654c443eff553da9e69eda7007924e"
                },
                "201 Created": {
                    "id": "728dcd977aae263ca314731145e1d447",
                    "passes": 0,
                    "fails": 10000,
                    "name": "201 Created",
                    "path": "::201 Created"
                },
                "204 No Content": {
                    "passes": 0,
                    "fails": 10000,
                    "name": "204 No Content",
                    "path": "::204 No Content",
                    "id": "54fa3c2eda34e1622fda2da5e0479fc5"
                },
                "400 Bad Request": {
                    "fails": 10000,
                    "name": "400 Bad Request",
                    "path": "::400 Bad Request",
                    "id": "eeae81934b9b58bccaf0184a6d070338",
                    "passes": 0
                },
                "401 Unauthorized": {
                    "path": "::401 Unauthorized",
                    "id": "6ae9254e6aefe7f0bafe5102fa7e20a5",
                    "passes": 0,
                    "fails": 10000,
                    "name": "401 Unauthorized"
                },
                "403 Forbidden": {
                    "fails": 10000,
                    "name": "403 Forbidden",
                    "path": "::403 Forbidden",
                    "id": "655548b761742c5a7ad15aa7df3a5d9c",
                    "passes": 0
                },
                "404 Not Found": {
                    "name": "404 Not Found",
                    "path": "::404 Not Found",
                    "id": "df1528f9925ca236bac51008f77b774a",
                    "passes": 0,
                    "fails": 10000
                },
                "422 Unprocessable Content": {
                    "passes": 0,
                    "fails": 10000,
                    "name": "422 Unprocessable Content",
                    "path": "::422 Unprocessable Content",
                    "id": "d94c37ab64a32602add978a71bd22822"
                },
                "429 Too Many Requests": {
                    "name": "429 Too Many Requests",
                    "path": "::429 Too Many Requests",
                    "id": "b810c35b9499cc7342fd415032e3a6aa",
                    "passes": 0,
                    "fails": 10000
                },
                "500 Internal Server Error": {
                    "name": "500 Internal Server Error",
                    "path": "::500 Internal Server Error",
                    "id": "3cd96245b24e869810efe46d533b0eef",
                    "passes": 0,
                    "fails": 10000
                },
                "502 Bad Gateway": {
                    "passes": 0,
                    "fails": 10000,
                    "name": "502 Bad Gateway",
                    "path": "::502 Bad Gateway",
                    "id": "712cb0ec189a11f31f0d6d0c0031b569"
                },
                "503 Service Unavailable": {
                    "name": "503 Service Unavailable",
                    "path": "::503 Service Unavailable",
                    "id": "f1ea1a22be0dc738c385523a66ea1cd9",
                    "passes": 0,
                    "fails": 10000
                },
                "504 Gateway Timeout": {
                    "passes": 0,
                    "fails": 10000,
                    "name": "504 Gateway Timeout",
                    "path": "::504 Gateway Timeout",
                    "id": "218efb729cb654723ccd57c6ebbebe29"
                }
            },
        "name": "",
        "path": ""
    }
}