{
    "metrics": {
        "http_req_duration": {
            "p(95)": 4543.870164999999,
            "avg": 2739.2736996199887,
            "min": 0,
            "med": 2909.7824,
            "max": 8542.0631,
            "p(90)": 4223.47029
        },
        "vus": {
            "value": 196,
            "min": 0,
            "max": 10000
        },
        "http_req_sending": {
            "min": 0,
            "med": 0,
            "max": 3420.1033,
            "p(90)": 1.0033,
            "p(95)": 2.0006,
            "avg": 1.3341289599999986
        },
        "data_received": {
            "count": 54839518,
            "rate": 4994131.75254621
        },
        "http_reqs": {
            "count": 10000,
            "rate": 910.6811902588586
        },
        "http_req_tls_handshaking": {
            "avg": 2971.9308900500005,
            "min": 673.9904,
            "med": 3314.4228,
            "max": 8378.9108,
            "p(90)": 4198.35103,
            "p(95)": 4534.4228
        },
        "http_req_failed": {
            "passes": 0,
            "fails": 10000,
            "value": 0
        },
        "iterations": {
            "count": 10000,
            "rate": 910.6811902588586
        },
        "http_req_waiting": {
            "min": 0,
            "med": 2883.9482,
            "max": 8539.3995,
            "p(90)": 4217.1153,
            "p(95)": 4532.1031,
            "avg": 2725.595741299996
        },
        "checks": {
            "passes": 10000,
            "fails": 130000,
            "value": 0.07142857142857142
        },
        "data_sent": {
            "count": 9990000,
            "rate": 909770.5090685997
        },
        "http_req_connecting": {
            "p(95)": 820.6166049999999,
            "avg": 733.8518868000016,
            "min": 110.6897,
            "med": 759.7607,
            "max": 838.7287,
            "p(90)": 817.6171
        },
        "iteration_duration": {
            "p(95)": 10213.16304,
            "avg": 7861.037506999983,
            "min": 3441.5917,
            "med": 7672.3932,
            "max": 10912.0912,
            "p(90)": 10107.40126
        },
        "http_req_blocked": {
            "p(95)": 5255.557489999997,
            "avg": 3707.267776520004,
            "min": 949.4184,
            "med": 4041.8457,
            "max": 8953.1931,
            "p(90)": 4933.46301
        },
        "http_req_duration{expected_response:true}": {
            "p(95)": 4543.870164999999,
            "avg": 2739.2736996199887,
            "min": 0,
            "med": 2909.7824,
            "max": 8542.0631,
            "p(90)": 4223.47029
        },
        "http_req_receiving": {
            "med": 1.9989,
            "max": 635.1932,
            "p(90)": 23.996850000000002,
            "p(95)": 63.6345,
            "avg": 12.343829359999988,
            "min": 0
        },
        "vus_max": {
            "value": 10000,
            "min": 1532,
            "max": 10000
        }
    },
    "root_group": {
        "path": "",
        "id": "d41d8cd98f00b204e9800998ecf8427e",
        "groups": {},
        "checks": {
                "101 Switching Protocols": {
                    "name": "101 Switching Protocols",
                    "path": "::101 Switching Protocols",
                    "id": "a834061b52d630fbeac21392b9d8bc0d",
                    "passes": 0,
                    "fails": 10000
                },
                "200 OK": {
                    "name": "200 OK",
                    "path": "::200 OK",
                    "id": "e9654c443eff553da9e69eda7007924e",
                    "passes": 10000,
                    "fails": 0
                },
                "201 Created": {
                    "path": "::201 Created",
                    "id": "728dcd977aae263ca314731145e1d447",
                    "passes": 0,
                    "fails": 10000,
                    "name": "201 Created"
                },
                "204 No Content": {
                    "passes": 0,
                    "fails": 10000,
                    "name": "204 No Content",
                    "path": "::204 No Content",
                    "id": "54fa3c2eda34e1622fda2da5e0479fc5"
                },
                "400 Bad Request": {
                    "fails": 10000,
                    "name": "400 Bad Request",
                    "path": "::400 Bad Request",
                    "id": "eeae81934b9b58bccaf0184a6d070338",
                    "passes": 0
                },
                "401 Unauthorized": {
                    "name": "401 Unauthorized",
                    "path": "::401 Unauthorized",
                    "id": "6ae9254e6aefe7f0bafe5102fa7e20a5",
                    "passes": 0,
                    "fails": 10000
                },
                "403 Forbidden": {
                    "passes": 0,
                    "fails": 10000,
                    "name": "403 Forbidden",
                    "path": "::403 Forbidden",
                    "id": "655548b761742c5a7ad15aa7df3a5d9c"
                },
                "404 Not Found": {
                    "path": "::404 Not Found",
                    "id": "df1528f9925ca236bac51008f77b774a",
                    "passes": 0,
                    "fails": 10000,
                    "name": "404 Not Found"
                },
                "422 Unprocessable Content": {
                    "id": "d94c37ab64a32602add978a71bd22822",
                    "passes": 0,
                    "fails": 10000,
                    "name": "422 Unprocessable Content",
                    "path": "::422 Unprocessable Content"
                },
                "429 Too Many Requests": {
                    "name": "429 Too Many Requests",
                    "path": "::429 Too Many Requests",
                    "id": "b810c35b9499cc7342fd415032e3a6aa",
                    "passes": 0,
                    "fails": 10000
                },
                "500 Internal Server Error": {
                    "passes": 0,
                    "fails": 10000,
                    "name": "500 Internal Server Error",
                    "path": "::500 Internal Server Error",
                    "id": "3cd96245b24e869810efe46d533b0eef"
                },
                "502 Bad Gateway": {
                    "name": "502 Bad Gateway",
                    "path": "::502 Bad Gateway",
                    "id": "712cb0ec189a11f31f0d6d0c0031b569",
                    "passes": 0,
                    "fails": 10000
                },
                "503 Service Unavailable": {
                    "name": "503 Service Unavailable",
                    "path": "::503 Service Unavailable",
                    "id": "f1ea1a22be0dc738c385523a66ea1cd9",
                    "passes": 0,
                    "fails": 10000
                },
                "504 Gateway Timeout": {
                    "name": "504 Gateway Timeout",
                    "path": "::504 Gateway Timeout",
                    "id": "218efb729cb654723ccd57c6ebbebe29",
                    "passes": 0,
                    "fails": 10000
                }
            },
        "name": ""
    }
}