{
    "metrics": {
        "checks": {
            "passes": 10000,
            "fails": 130000,
            "value": 0.07142857142857142
        },
        "http_reqs": {
            "count": 10000,
            "rate": 552.4325011729522
        },
        "http_req_blocked": {
            "avg": 3335.3548600500026,
            "min": 749.8101,
            "med": 3098.80535,
            "max": 16640.9702,
            "p(90)": 5658.827050000001,
            "p(95)": 6140.671424999999
        },
        "http_req_receiving": {
            "avg": 67.22797063999987,
            "min": 0,
            "med": 6.0048,
            "max": 9281.799,
            "p(90)": 73.99876,
            "p(95)": 207.99453
        },
        "http_req_connecting": {
            "avg": 651.0970585899936,
            "min": 49.1017,
            "med": 674.9059,
            "max": 711.573,
            "p(90)": 689.0177,
            "p(95)": 692.0146
        },
        "data_received": {
            "count": 187866581,
            "rate": 10378360.522864103
        },
        "data_sent": {
            "count": 10506672,
            "rate": 580422.7091963824
        },
        "http_req_failed": {
            "passes": 0,
            "fails": 10000,
            "value": 0
        },
        "vus": {
            "value": 1466,
            "min": 0,
            "max": 10000
        },
        "iterations": {
            "count": 10000,
            "rate": 552.4325011729522
        },
        "http_req_waiting": {
            "p(90)": 11961.702140000001,
            "p(95)": 12276.19998,
            "avg": 5899.959805530016,
            "min": 5.9986,
            "med": 5204.2453000000005,
            "max": 13563.268
        },
        "http_req_duration{expected_response:true}": {
            "max": 13707.6741,
            "p(90)": 12002.5174,
            "p(95)": 12284.0915,
            "avg": 5969.088720620022,
            "min": 9.0026,
            "med": 5272.9785
        },
        "vus_max": {
            "value": 10000,
            "min": 1647,
            "max": 10000
        },
        "http_req_tls_handshaking": {
            "max": 15958.3449,
            "p(90)": 5032.5159,
            "p(95)": 5502.608935,
            "avg": 2682.421408490034,
            "min": 627.7495,
            "med": 2417.23135
        },
        "http_req_sending": {
            "med": 0,
            "max": 1023.1939,
            "p(90)": 1.9918300000000002,
            "p(95)": 3.998205,
            "avg": 1.900944450000002,
            "min": 0
        },
        "iteration_duration": {
            "p(95)": 17119.34141,
            "avg": 11244.277467180002,
            "min": 2440.8746,
            "med": 9427.6199,
            "max": 17663.5909,
            "p(90)": 16933.58932
        },
        "http_req_duration": {
            "min": 9.0026,
            "med": 5272.9785,
            "max": 13707.6741,
            "p(90)": 12002.5174,
            "p(95)": 12284.0915,
            "avg": 5969.088720620022
        }
    },
    "root_group": {
        "checks": {
            "101 Switching Protocols": {
                "name": "101 Switching Protocols",
                "path": "::101 Switching Protocols",
                "id": "a834061b52d630fbeac21392b9d8bc0d",
                "passes": 0,
                "fails": 10000
            },
            "200 OK": {
                "name": "200 OK",
                "path": "::200 OK",
                "id": "e9654c443eff553da9e69eda7007924e",
                "passes": 10000,
                "fails": 0
            },
            "201 Created": {
                "id": "728dcd977aae263ca314731145e1d447",
                "passes": 0,
                "fails": 10000,
                "name": "201 Created",
                "path": "::201 Created"
            },
            "204 No Content": {
                "name": "204 No Content",
                "path": "::204 No Content",
                "id": "54fa3c2eda34e1622fda2da5e0479fc5",
                "passes": 0,
                "fails": 10000
            },
            "400 Bad Request": {
                "name": "400 Bad Request",
                "path": "::400 Bad Request",
                "id": "eeae81934b9b58bccaf0184a6d070338",
                "passes": 0,
                "fails": 10000
            },
            "401 Unauthorized": {
                "name": "401 Unauthorized",
                "path": "::401 Unauthorized",
                "id": "6ae9254e6aefe7f0bafe5102fa7e20a5",
                "passes": 0,
                "fails": 10000
            },
            "403 Forbidden": {
                "name": "403 Forbidden",
                "path": "::403 Forbidden",
                "id": "655548b761742c5a7ad15aa7df3a5d9c",
                "passes": 0,
                "fails": 10000
            },
            "404 Not Found": {
                "name": "404 Not Found",
                "path": "::404 Not Found",
                "id": "df1528f9925ca236bac51008f77b774a",
                "passes": 0,
                "fails": 10000
            },
            "422 Unprocessable Content": {
                "fails": 10000,
                "name": "422 Unprocessable Content",
                "path": "::422 Unprocessable Content",
                "id": "d94c37ab64a32602add978a71bd22822",
                "passes": 0
            },
            "429 Too Many Requests": {
                "fails": 10000,
                "name": "429 Too Many Requests",
                "path": "::429 Too Many Requests",
                "id": "b810c35b9499cc7342fd415032e3a6aa",
                "passes": 0
            },
            "500 Internal Server Error": {
                "name": "500 Internal Server Error",
                "path": "::500 Internal Server Error",
                "id": "3cd96245b24e869810efe46d533b0eef",
                "passes": 0,
                "fails": 10000
            },
            "502 Bad Gateway": {
                "id": "712cb0ec189a11f31f0d6d0c0031b569",
                "passes": 0,
                "fails": 10000,
                "name": "502 Bad Gateway",
                "path": "::502 Bad Gateway"
            },
            "503 Service Unavailable": {
                "name": "503 Service Unavailable",
                "path": "::503 Service Unavailable",
                "id": "f1ea1a22be0dc738c385523a66ea1cd9",
                "passes": 0,
                "fails": 10000
            },
            "504 Gateway Timeout": {
                "name": "504 Gateway Timeout",
                "path": "::504 Gateway Timeout",
                "id": "218efb729cb654723ccd57c6ebbebe29",
                "passes": 0,
                "fails": 10000
            }
        },
        "name": "",
        "path": "",
        "id": "d41d8cd98f00b204e9800998ecf8427e",
        "groups": {}
    }
}